"ID","Módulo","Historia de Usuario","Precondición","Pasos","Resultado Esperado","Resultado Obtenido","Estado","Evidencia"
"ACC-01","access","US08 - Aforo en tiempo real","Existen cuentas de administrador y de socio; no se provee token para el intento anónimo.","1) Intentar abrir la conexión de aforo en vivo sin token. 2) Intentar como socio. 3) Intentar como administrador.","El intento anónimo y el de socio son rechazados; la conexión del administrador es aceptada y recibe de inmediato una foto (snapshot) con el aforo actual.","El intento anónimo y el de socio son rechazados; la conexión del administrador es aceptada y recibe de inmediato una foto (snapshot) con el aforo actual.","Aprobado","test_aforo_websocket.py::test_anonymous_is_rejected, test_socio_is_rejected, test_admin_can_connect_and_receives_snapshot"
"ACC-02","access","US08 - Aforo en tiempo real","Un administrador está conectado al feed de aforo en vivo con el snapshot inicial.","1) Registrar un ingreso otorgado (GRANTED). 2) Registrar un ingreso denegado (DENIED, ej. membresía inactiva).","El ingreso otorgado dispara de inmediato una actualización por WebSocket con el conteo incrementado; el ingreso denegado no genera ninguna actualización.","El ingreso otorgado dispara de inmediato una actualización por WebSocket con el conteo incrementado; el ingreso denegado no genera ninguna actualización.","Aprobado","test_aforo_websocket.py::test_access_log_creation_broadcasts_update, test_denied_access_does_not_broadcast"
"ACC-03","access","US05 - Validación QR (soporte RNF06)","Existen registros de acceso con distintos estados, motivos de denegación y fechas (algunos dentro y fuera de la ventana del reporte).","1) Correr el reporte de disponibilidad de los últimos 30 días con: todos otorgados; denegaciones de negocio mezcladas; fallas de infraestructura; registros fuera de la ventana.","Las denegaciones de negocio no cuentan contra la disponibilidad; las fallas de infraestructura la reducen y pueden marcar el cumplimiento del objetivo (RNF06) como falso; los registros fuera de ventana se excluyen; el reporte imprime un resumen legible.","Las denegaciones de negocio no cuentan contra la disponibilidad; las fallas de infraestructura la reducen y pueden marcar el cumplimiento del objetivo (RNF06) como falso; los registros fuera de ventana se excluyen; el reporte imprime un resumen legible.","Aprobado","test_availability_report.py::test_all_granted_reports_100_percent, test_business_denials_are_excluded_from_denominator, test_infra_failure_lowers_availability, test_below_target_reports_meets_false, test_events_outside_window_are_ignored, test_plain_output_prints_summary"
"ACC-04","access","US04 - Credencial Digital","Existe un socio con distintos estados de membresía: sin membresía, activa vigente, activa vencida, suspendido o dado de baja.","1) Verificar el estado de membresía activa para cada caso. 2) Para el caso vencido, repetir la verificación inmediatamente después.","Solo la membresía activa y vigente resulta válida; las membresías vencidas actualizan su estado en la base de datos a 'vencida'; repetir la verificación no duplica la actualización.","Solo la membresía activa y vigente resulta válida; las membresías vencidas actualizan su estado en la base de datos a 'vencida'; repetir la verificación no duplica la actualización.","Aprobado","test_services.py::test_no_socio_returns_false, test_no_membership_returns_false, test_active_non_expired_returns_true, test_expired_membership_returns_false_and_marks_vencida, test_socio_suspendido_returns_false, test_socio_baja_returns_false, test_concurrent_lazy_expiry_consistent"
"ACC-05","access","US04 - Credencial Digital","Existe un socio sin token QR emitido todavía.","1) Generar un token. 2) Verificarlo sin alterar. 3) Alterarlo y verificarlo. 4) Consumirlo una vez e intentar reutilizarlo. 5) Intentar con un identificador de token vacío.","El token genuino se verifica e identifica al dueño; el token alterado es rechazado; el segundo uso se marca como ataque de repetición (replay); el identificador vacío es rechazado.","El token genuino se verifica e identifica al dueño; el token alterado es rechazado; el segundo uso se marca como ataque de repetición (replay); el identificador vacío es rechazado.","Aprobado","test_qr_utils.py::test_generate_and_verify_qr_token_success, test_verify_qr_token_tampered_fails, test_verify_qr_token_replay_attack_fails, test_verify_and_consume_token_empty_jti_fails"
"ACC-06","access","US05 - Validación QR","Un socio tiene un token QR válido; existe una cuenta de recepcionista; los socios no pueden autoautorizarse.","1) El recepcionista escanea un token expirado. 2) El socio intenta autoautorizarse. 3) El recepcionista escanea un token válido y vuelve a escanearlo de inmediato. 4) El socio solicita un QR nuevo y el recepcionista lo escanea.","El token expirado se deniega y se registra; el socio no puede llamar al endpoint de escaneo; el primer escaneo se otorga y se registra, el reescaneo se deniega, ambos quedan guardados como registros separados; el flujo completo produce exactamente un registro otorgado vinculado al socio/token correcto.","El token expirado se deniega y se registra; el socio no puede llamar al endpoint de escaneo; el primer escaneo se otorga y se registra, el reescaneo se deniega, ambos quedan guardados como registros separados; el flujo completo produce exactamente un registro otorgado vinculado al socio/token correcto.","Aprobado","test_qr_utils.py::test_scan_expired_token_returns_denied, test_member_cannot_call_scan_endpoint, test_replay_attack_via_endpoint, test_generate_and_scan_qr_views"
"ACC-07","access","US05 - Validación QR","Existen registros de historial de acceso de varios socios; existen cuentas de socio y de administrador.","1) Solicitar el listado de historial sin autenticación. 2) Solicitarlo como socio. 3) Solicitarlo como administrador.","La solicitud sin autenticación se rechaza (401); el socio ve solo sus propios registros; el administrador ve todos los registros.","La solicitud sin autenticación se rechaza (401); el socio ve solo sus propios registros; el administrador ve todos los registros.","Aprobado","test_qr_utils.py::test_unauthenticated_returns_401, test_socio_sees_only_own_logs, test_admin_sees_all_logs"
"CLA-01","classes","US06 - Gestión de Clases","Existen 3 clases activas con distinto nombre, categoría, instructor, día y horario. Usuario autenticado con rol administrador.","1) Buscar por texto que coincide con el nombre. 2) Buscar por texto que coincide con el instructor. 3) Filtrar por categoría. 4) Filtrar combinando día y rango horario. 5) Combinar búsqueda de texto con filtro de categoría. 6) Listar sin filtros.","Cada búsqueda/filtro devuelve solo las clases que cumplen el criterio; el listado general incluye metadatos de paginación (count, next, previous, results).","Cada búsqueda/filtro devuelve solo las clases que cumplen el criterio; el listado general incluye metadatos de paginación (count, next, previous, results).","Aprobado","test_classes_search.py::test_text_search_matches_nombre, test_text_search_matches_instructor, test_filter_by_categoria, test_filter_by_dia_and_hora_range, test_combined_search_and_filter, test_pagination_metadata_present"
"CLA-02","classes","US06 - Gestión de Clases","Existe un usuario administrador y otro recepcionista/socio; puede existir una clase previa.","1) Administrador crea una clase con datos completos. 2) Administrador edita (PATCH) campos de una clase existente. 3) Administrador elimina una clase. 4) Recepcionista/socio intentan crear, editar o eliminar clases.","El administrador puede crear/editar/eliminar exitosamente y los cambios se reflejan en la base de datos; recepcionista y socio reciben 403 Forbidden en cada intento.","El administrador puede crear/editar/eliminar exitosamente y los cambios se reflejan en la base de datos; recepcionista y socio reciben 403 Forbidden en cada intento.","Aprobado","test_classes_crud.py::test_create_clase_admin_201, test_create_clase_recep_403, test_create_clase_socio_403, test_patch_clase_admin_200, test_patch_clase_recep_403, test_delete_clase_admin_204, test_delete_clase_recep_403"
"CLA-03","classes","US06 - Gestión de Clases","Existe al menos una clase creada; usuarios de los tres roles disponibles.","1) Cada rol (admin, recepcionista, socio) lista las clases. 2) Un usuario consulta el detalle de una clase puntual. 3) Un visitante sin sesión intenta listar clases.","Los tres roles autenticados pueden listar (200) y el detalle incluye campos clave (cupos reservados, estado, inscripciones); sin autenticación responde 401.","Los tres roles autenticados pueden listar (200) y el detalle incluye campos clave (cupos reservados, estado, inscripciones); sin autenticación responde 401.","Aprobado","test_classes_crud.py::test_list_clases_admin_200, test_list_clases_recep_200, test_list_clases_socio_200, test_unauthenticated_401, test_retrieve_clase_200"
"CLA-04","classes","US07 - Reservas de Clases","Existe una clase activa con cupo disponible; el usuario es socio con perfil válido.","1) El socio se inscribe a la clase. 2) Se verifica la respuesta de la API. 3) Se consulta la base de datos para confirmar el registro de inscripción.","La inscripción se crea con estado 'no en espera', queda persistida en la base de datos asociada al socio y la clase.","La inscripción se crea con estado 'no en espera', queda persistida en la base de datos asociada al socio y la clase.","Aprobado","test_inscribir_flow.py::test_inscribir_cupo_disponible_201; test_classes_services.py::test_inscribir_exitoso, test_inscribir_crea_registro_en_db"
"CLA-05","classes","US07 - Reservas de Clases","Clase con cupo máximo reducido y límite de lista de espera configurado; ya existen inscriptos ocupando el cupo principal (y opcionalmente la espera).","1) Un nuevo socio intenta inscribirse cuando el cupo principal está lleno pero hay lugar en espera. 2) Otro socio intenta inscribirse cuando cupo y espera están ambos completos.","En el primer caso la inscripción se crea marcada 'en espera'; en el segundo caso se rechaza con error indicando que las plazas están completas.","En el primer caso la inscripción se crea marcada 'en espera'; en el segundo caso se rechaza con error indicando que las plazas están completas.","Aprobado","test_inscribir_flow.py::test_inscribir_cupo_lleno_en_espera_201, test_inscribir_cupo_y_espera_llenos_400; test_classes_services.py::test_inscribir_en_espera_cuando_cupo_lleno, test_inscribir_raise_cuando_todo_lleno"
"CLA-06","classes","US07 - Reservas de Clases","Un socio ya tiene una inscripción vigente en una clase; existe un administrador sin perfil de socio; existe una clase pública.","1) El mismo socio intenta inscribirse de nuevo a la misma clase. 2) Un administrador (sin perfil de socio) intenta inscribirse. 3) Un visitante sin sesión intenta inscribirse.","Se rechaza la doble inscripción con mensaje de 'ya inscripto'; se rechaza al usuario sin perfil de socio con 403; se rechaza al no autenticado con 401.","Se rechaza la doble inscripción con mensaje de 'ya inscripto'; se rechaza al usuario sin perfil de socio con 403; se rechaza al no autenticado con 401.","Aprobado","test_inscribir_flow.py::test_inscribir_ya_inscripto_400, test_inscribir_usuario_sin_perfil_socio_403, test_inscribir_unauthenticated_401; test_classes_services.py::test_inscribir_raise_si_ya_inscripto"
"CLA-07","classes","US07 - Reservas de Clases","El socio tiene (o no) una inscripción activa en una clase futura fuera de la ventana de cancelación; puede existir otro socio en lista de espera.","1) El socio cancela su propia inscripción. 2) Se verifica que la inscripción ya no existe en base de datos. 3) Con lista de espera, se cancela la reserva del titular y se observa la promoción automática. 4) Un socio sin inscripción intenta cancelar.","La cancelación exitosa elimina el registro y libera el cupo; si hay lista de espera, el primer socio en espera es promovido automáticamente; cancelar sin reserva previa devuelve error 400.","La cancelación exitosa elimina el registro y libera el cupo; si hay lista de espera, el primer socio en espera es promovido automáticamente; cancelar sin reserva previa devuelve error 400.","Aprobado","test_cancel_flow.py::test_socio_cancels_own_reservation_successfully, test_cancel_promotes_first_wait_listed_socio, test_cancel_without_reservation_returns_400"
"CLA-08","classes","US07 - Reservas de Clases","Clase programada dentro del margen mínimo de cancelación configurado (ej. comienza en 1 hora con un corte de 48 horas); el socio tiene una inscripción activa.","1) El socio intenta cancelar su inscripción estando dentro de la ventana de corte.","La cancelación se rechaza con error 400 indicando que no se respeta el margen permitido; la inscripción permanece intacta.","La cancelación se rechaza con error 400 indicando que no se respeta el margen permitido; la inscripción permanece intacta.","Aprobado","test_cancel_flow.py::test_cancel_inside_cutoff_window_returns_400"
"CLA-09","classes","US06/US07 - Gestión y Reservas de Clases","Existe una clase con al menos un socio inscripto; usuarios con roles administrador, recepcionista y socio disponibles.","1) Administrador y recepcionista listan las inscripciones de todas las clases. 2) El socio intenta listar inscripciones. 3) Recepcionista marca la asistencia de un socio inscripto. 4) El socio intenta marcar su propia asistencia. 5) Un visitante sin sesión intenta listar inscripciones.","Administrador y recepcionista acceden al listado (200); el socio recibe 403; recepcionista puede marcar asistencia y el cambio persiste en base de datos; el socio recibe 403 al marcarla; sin autenticación responde 401.","Administrador y recepcionista acceden al listado (200); el socio recibe 403; recepcionista puede marcar asistencia y el cambio persiste en base de datos; el socio recibe 403 al marcarla; sin autenticación responde 401.","Aprobado","test_inscripciones_views.py::test_list_inscripciones_admin_200, test_list_inscripciones_recepcionista_200, test_list_inscripciones_socio_403, test_marcar_asistencia_recep_200, test_marcar_asistencia_socio_403, test_unauthenticated_401"
"COM-01","common","Transversal - Observabilidad (soporte a todas las US)","Aplicación configurada con el logging por defecto (sin overrides de entorno).","1) Revisar la configuración de logging de la app. 2) Emitir un registro de log de prueba con nivel WARNING. 3) Inspeccionar la salida generada por el handler de consola.","La salida de logs es JSON válido y parseable, con campos level, message, name y timestamp presentes; el formatter por defecto es el JSON formatter.","La salida de logs es JSON válido y parseable, con campos level, message, name y timestamp presentes; el formatter por defecto es el JSON formatter.","Aprobado","test_observability.py::test_default_formatter_is_json, test_console_handler_uses_json_formatter_by_default, test_json_formatter_emits_valid_json_line"
"COM-02","common","Transversal - Soporte a RNF01/RNF06","Existe el script de load testing (locustfile) del proyecto.","1) Analizar el archivo de escenarios de carga. 2) Verificar las clases de usuario definidas.","El script contiene definiciones para los tres roles clave del negocio: Socio, Recepcionista y Admin, garantizando que las pruebas de carga simulan a todos los perfiles reales.","El script contiene definiciones para los tres roles clave del negocio: Socio, Recepcionista y Admin, garantizando que las pruebas de carga simulan a todos los perfiles reales.","Aprobado","test_observability.py::test_locustfile_declares_expected_user_classes"
"COM-03","common","US03 - Alta de Socios","Backend de email configurado en modo test; no hay socio previamente creado con el email de prueba.","1) Crear un usuario y su perfil de Socio con nombre y apellido. 2) Verificar la bandeja de salida de emails. 3) Actualizar un dato del socio (ej. teléfono) y volver a verificar la bandeja de salida.","Al crear el socio se envía exactamente un email de bienvenida, dirigido a su email, con asunto que contiene 'Bienvenido' y el nombre del socio en el cuerpo; al actualizar datos NO se reenvía el email.","Al crear el socio se envía exactamente un email de bienvenida, dirigido a su email, con asunto que contiene 'Bienvenido' y el nombre del socio en el cuerpo; al actualizar datos NO se reenvía el email.","Aprobado","test_welcome_signal.py::test_creating_socio_enqueues_welcome_email, test_updating_socio_does_not_resend_welcome"
"COM-04","common","Transversal - Verificación de interacción con base de datos (Mongo)","Colección audit_logs en MongoDB vacía. Existen datos base (socio, plan, clase, pago).","1) Crear un Socio y consultar el último registro de auditoría. 2) Modificar el estado de una Membresía existente y consultar la auditoría. 3) Eliminar una Clase y consultar la auditoría. 4) Crear un Pago con monto decimal y consultar la auditoría.","Cada operación (crear, actualizar, eliminar) queda registrada en audit_logs con la acción correcta y un snapshot fiel de los datos relevantes, incluyendo el monto decimal serializado como string sin pérdida de precisión.","Cada operación (crear, actualizar, eliminar) queda registrada en audit_logs con la acción correcta y un snapshot fiel de los datos relevantes, incluyendo el monto decimal serializado como string sin pérdida de precisión.","Aprobado","test_audit.py::test_create_socio_writes_audit_create, test_update_membresia_writes_audit_update, test_delete_clase_writes_audit_delete, test_create_pago_writes_audit_with_serialized_decimal"
"COM-05","common","Transversal - Auditoría y retención de datos","Colección audit_logs vacía; comando de creación de índices de Mongo disponible.","1) Ejecutar una acción que dispare auditoría fuera de un ciclo request/response (ej. proceso en background). 2) Ejecutar el comando de gestión que crea los índices de Mongo dos veces seguidas.","El registro de auditoría marca actor_rol como 'system' y actor_id como nulo cuando no hay usuario/request activo; el comando de índices es idempotente y deja configurados los índices TTL de audit_logs y qr_history (expirando a los 90 días).","El registro de auditoría marca actor_rol como 'system' y actor_id como nulo cuando no hay usuario/request activo; el comando de índices es idempotente y deja configurados los índices TTL de audit_logs y qr_history (expirando a los 90 días).","Aprobado","test_audit.py::test_actor_is_system_when_no_request_active, test_command_runs_and_creates_expected_indexes"
"MEM-01","members","US03 - Alta de Socios","Usuario autenticado con rol administrador; existe un usuario destino sin socio asociado.","1) Iniciar sesión como administrador. 2) Enviar formulario de alta de socio con DNI, nombre, apellido y teléfono válidos. 3) Consultar el registro creado en base de datos.","El socio se crea con estado 'activo', se le asigna automáticamente un número de socio con formato S-##### único, y la fecha de baja queda vacía y observaciones en blanco por defecto.","El socio se crea con estado 'activo', se le asigna automáticamente un número de socio con formato S-##### único, y la fecha de baja queda vacía y observaciones en blanco por defecto.","Aprobado","test_socios_views.py::test_create_socio_admin_201; test_socios_models.py::test_numero_socio_auto_assigned_on_save, test_numero_socio_not_overridden_if_already_set, test_estado_defaults_to_activo, test_fecha_baja_defaults_none, test_observaciones_defaults_blank"
"MEM-02","members","US03 - Alta de Socios","Ya existe un socio registrado con un DNI determinado.","1) Iniciar sesión como administrador. 2) Intentar crear un nuevo socio usando el mismo DNI ya registrado.","El sistema rechaza el alta con error de validación indicando el campo DNI como causa; no se crea un registro duplicado.","El sistema rechaza el alta con error de validación indicando el campo DNI como causa; no se crea un registro duplicado.","Aprobado","test_socios_views.py::test_create_socio_duplicate_dni_400"
"MEM-03","members","US03 - Alta de Socios","Existen socios cargados; usuarios con rol administrador y recepcionista disponibles.","1) Iniciar sesión como administrador y listar socios. 2) Repetir con recepcionista. 3) Consultar el detalle de un socio existente. 4) Consultar un socio inexistente.","Ambos roles pueden listar y ver el detalle con los campos esperados (id, número de socio, nombre, apellido, DNI, estado); consultar un ID inexistente devuelve 'no encontrado'.","Ambos roles pueden listar y ver el detalle con los campos esperados (id, número de socio, nombre, apellido, DNI, estado); consultar un ID inexistente devuelve 'no encontrado'.","Aprobado","test_socios_views.py::test_list_socios_admin_200, test_list_socios_recep_200, test_retrieve_socio_200, test_retrieve_nonexistent_404"
"MEM-04","members","US03 - Alta de Socios","Endpoints de socios disponibles; existe un usuario con rol 'socio' (no administrativo).","1) Intentar listar/crear/dar de baja socios sin iniciar sesión. 2) Repetir las mismas acciones autenticado con rol 'socio'.","Sin sesión, el sistema responde 'no autorizado' (401); con rol socio, responde 'prohibido' (403) en todos los casos.","Sin sesión, el sistema responde 'no autorizado' (401); con rol socio, responde 'prohibido' (403) en todos los casos.","Aprobado","test_socios_views.py::test_unauthenticated_list_401, test_socio_role_list_403, test_socio_role_create_403, test_dar_baja_unauthenticated_401, test_dar_baja_socio_role_403"
"MEM-05","members","US03 - Alta de Socios","Existe un socio registrado con un número de socio ya asignado.","1) Iniciar sesión como administrador. 2) Editar solo el campo observaciones. 3) Intentar editar el número de socio enviando un valor distinto.","Las observaciones se actualizan correctamente; el número de socio permanece sin cambios pese al intento de modificarlo (campo protegido).","Las observaciones se actualizan correctamente; el número de socio permanece sin cambios pese al intento de modificarlo (campo protegido).","Aprobado","test_socios_views.py::test_partial_update_observaciones_200, test_partial_update_numero_socio_ignored"
"MEM-06","members","US03 - Alta de Socios","Existe un socio en estado activo.","1) Dar de baja al socio como administrador. 2) Verificar en base de datos el estado y fecha de baja. 3) Intentar dar de baja nuevamente al mismo socio. 4) Verificar que la cuenta de usuario asociada sigue activa.","Tras la baja, el estado pasa a 'baja' y la fecha de baja queda registrada con la fecha del día; repetir la baja sobre un socio ya dado de baja es rechazado; la cuenta de login del usuario no se desactiva.","Tras la baja, el estado pasa a 'baja' y la fecha de baja queda registrada con la fecha del día; repetir la baja sobre un socio ya dado de baja es rechazado; la cuenta de login del usuario no se desactiva.","Aprobado","test_socios_views.py::test_dar_baja_activo_200, test_dar_baja_already_baja_400, test_dar_baja_response_uses_full_socio_serializer_shape; test_members_services.py::test_dar_baja_sets_estado_baja, test_dar_baja_idempotent"
"MEM-07","members","US03 - Alta de Socios","Existe un socio activo; usuario administrador autenticado.","1) Subir un certificado en formato PDF para el socio. 2) Subir un certificado en formato imagen (JPG) para otro socio.","Ambas cargas se aceptan, el archivo queda accesible en la carpeta de certificados médicos y la URL devuelta conserva la extensión original correcta.","Ambas cargas se aceptan, el archivo queda accesible en la carpeta de certificados médicos y la URL devuelta conserva la extensión original correcta.","Aprobado","test_certificado_upload.py::test_admin_uploads_pdf_successfully, test_admin_uploads_image_successfully"
"MEM-08","members","US03 - Alta de Socios","Existe un socio activo; hay un usuario con rol 'socio' distinto del administrador.","1) Intentar subir un archivo con extensión no soportada (.exe). 2) Intentar subir un archivo que excede el tamaño máximo permitido (5MB). 3) Intentar subir un certificado autenticado como socio en el endpoint administrativo.","Las tres acciones son rechazadas: extensión inválida y archivo demasiado grande devuelven error de validación; el usuario con rol socio recibe 'prohibido' al usar el endpoint administrativo.","Las tres acciones son rechazadas: extensión inválida y archivo demasiado grande devuelven error de validación; el usuario con rol socio recibe 'prohibido' al usar el endpoint administrativo.","Aprobado","test_certificado_upload.py::test_upload_rejects_unsupported_extension, test_upload_rejects_oversize, test_socio_cannot_upload_via_admin_endpoint"
"MSH-01","memberships","US02/US04 - Planes de Membresía / Credencial Digital","Miembro existe con una membresía activa (o ninguna); un plan destino está activo.","1) El socio solicita renovación eligiendo un plan. 2) El sistema procesa la renovación.","Cualquier membresía activa previa pasa a 'vencida'; se crea exactamente una nueva membresía en estado 'activa', con fecha de inicio y fin correctas (inicio + duración del plan); funciona también sin membresía previa.","Cualquier membresía activa previa pasa a 'vencida'; se crea exactamente una nueva membresía en estado 'activa', con fecha de inicio y fin correctas (inicio + duración del plan); funciona también sin membresía previa.","Aprobado","test_memberships_services.py::test_renovar_crea_nueva_membresia, test_renovar_calcula_fecha_fin, test_renovar_con_fecha_inicio_explicita, test_renovar_sin_membresia_previa, test_renovar_atomico_vence_todas_las_activas; test_renewal_flow.py::test_renewal_happy_path_201, test_renewal_no_prior_membership_201"
"MSH-02","memberships","US02 - Planes de Membresía","Un socio o no-socio está (o no) logueado.","1) Intentar renovar con un plan inactivo, un plan inexistente, con rol recepcionista, o sin iniciar sesión.","Plan inactivo/inexistente devuelve 404; rol incorrecto (recepcionista) devuelve 403; sin autenticación devuelve 401.","Plan inactivo/inexistente devuelve 404; rol incorrecto (recepcionista) devuelve 403; sin autenticación devuelve 401.","Aprobado","test_renewal_flow.py::test_renewal_inactive_plan_404, test_renewal_nonexistent_plan_404, test_renewal_non_socio_403, test_renewal_unauthenticated_401"
"MSH-03","memberships","US04 - Credencial Digital","Existen membresías activas que vencen en 7, 3, 1 y 0 días, más una que no cae en ningún umbral.","1) Ejecutar el chequeo automático de vencimientos (Celery Beat).","Se envían recordatorios solo para membresías que vencen en 7/3/1 días; la que vence hoy cambia su estado a 'vencida' y dispara aviso final; la que vence en 5 días no recibe aviso; el job es idempotente (no duplica envíos si se corre dos veces); un socio sin email se salta sin error.","Se envían recordatorios solo para membresías que vencen en 7/3/1 días; la que vence hoy cambia su estado a 'vencida' y dispara aviso final; la que vence en 5 días no recibe aviso; el job es idempotente (no duplica envíos si se corre dos veces); un socio sin email se salta sin error.","Aprobado","test_expiration_task.py::test_alerts_are_sent_for_7_3_and_1_days, test_expiration_day_flips_estado_to_vencida, test_deduplication_prevents_double_send, test_membership_without_user_email_is_skipped"
"MSH-04","memberships","US02 - Planes de Membresía","Logueado como administrador.","1) Crear un plan con datos válidos. 2) Intentar crear con precio negativo o duración no soportada. 3) Consultar, editar (PATCH precio) y eliminar un plan existente.","Creación válida devuelve 201; precio negativo devuelve 400 con error en 'precio'; duración inválida devuelve 400 con error en 'duracion_dias'; consulta/edición/eliminación exitosas para el administrador.","Creación válida devuelve 201; precio negativo devuelve 400 con error en 'precio'; duración inválida devuelve 400 con error en 'duracion_dias'; consulta/edición/eliminación exitosas para el administrador.","Aprobado","test_planes_views.py::test_create_plan_admin_201, test_create_plan_negative_precio_400, test_create_plan_invalid_duracion_400, test_retrieve_plan_200, test_patch_plan_admin_200, test_delete_plan_admin_204"
"MSH-05","memberships","US02 - Planes de Membresía","Existen usuarios con rol recepcionista, socio y una solicitud anónima.","1) Cada rol intenta listar planes; recepcionista también intenta crear/editar/eliminar un plan; un usuario anónimo intenta listar.","Recepcionista y socio pueden listar planes (200); los intentos de crear/editar/eliminar del recepcionista se bloquean (403); la solicitud anónima de listado se bloquea (401).","Recepcionista y socio pueden listar planes (200); los intentos de crear/editar/eliminar del recepcionista se bloquean (403); la solicitud anónima de listado se bloquea (401).","Aprobado","test_planes_views.py::test_list_planes_recep_200, test_list_planes_socio_200, test_unauthenticated_401, test_create_plan_recep_403, test_patch_plan_recep_403, test_delete_plan_recep_403"
"MSH-06","memberships","US02 - Planes de Membresía","Administrador logueado; existen un socio y un plan activo.","1) El administrador crea una membresía especificando fecha de inicio. 2) El administrador intenta también enviar una fecha de fin o un valor de 'estado' en el payload.","La membresía se crea (201) con fecha_fin calculada correctamente a partir de la duración del plan (se ignora el valor enviado por el cliente); el estado se fuerza a 'activa' sin importar lo enviado; la creación sin autenticación se rechaza (401).","La membresía se crea (201) con fecha_fin calculada correctamente a partir de la duración del plan (se ignora el valor enviado por el cliente); el estado se fuerza a 'activa' sin importar lo enviado; la creación sin autenticación se rechaza (401).","Aprobado","test_membresias_views.py::test_create_membresia_admin_201, test_fecha_fin_computed_client_value_ignored, test_estado_not_writable_on_create, test_unauthenticated_401"
"MSH-07","memberships","US02 - Planes de Membresía","Existen usuarios administrador y socio; existe una membresía.","1) El administrador cambia el estado a vencida, suspendida y cancelada. 2) El administrador intenta un estado inválido (pendiente_pago). 3) El socio intenta listar todas las membresías.","Las transiciones de estado válidas se aceptan (200); el estado inválido se rechaza (400, error en 'estado'); el listado completo por parte del socio se prohíbe (403); la consulta/listado del administrador incluye datos anidados del plan.","Las transiciones de estado válidas se aceptan (200); el estado inválido se rechaza (400, error en 'estado'); el listado completo por parte del socio se prohíbe (403); la consulta/listado del administrador incluye datos anidados del plan.","Aprobado","test_membresias_views.py::test_patch_estado_valid_values_200, test_patch_estado_pendiente_pago_400, test_retrieve_includes_nested_plan, test_list_membresias_admin_200, test_list_membresias_socio_403"
"MSH-08","memberships","US04 - Credencial Digital","Un socio con y sin membresía activa; un recepcionista; una solicitud anónima.","1) Solicitud anónima consulta el estado propio. 2) Recepcionista lo solicita. 3) Socio con membresía activa lo solicita. 4) Socio sin membresía lo solicita. 5) Socio intenta acceder al listado completo de socios.","Anónimo devuelve 401; recepcionista devuelve 403; socio con membresía activa recibe 200 con datos anidados completos de membresía y plan; socio sin membresía recibe 200 con membresia_activa nula; socio accediendo al listado de socios recibe 403.","Anónimo devuelve 401; recepcionista devuelve 403; socio con membresía activa recibe 200 con datos anidados completos de membresía y plan; socio sin membresía recibe 200 con membresia_activa nula; socio accediendo al listado de socios recibe 403.","Aprobado","test_me_views.py::test_me_unauthenticated_401, test_me_non_socio_role_403, test_me_socio_with_active_membership_200, test_me_socio_with_no_membership_200, test_me_socio_cannot_access_socios_list_403"
"PAY-01","payments","US02 - Planes de Membresía (pago de plan)","Socio autenticado; existe un plan activo con precio definido.","1) El socio solicita iniciar el pago de un plan. 2) El sistema se comunica con la pasarela de pago para generar el link de cobro.","Se devuelve el link de pago (init_point) y el id de preferencia; se crea en la base de datos un registro de pago en estado 'pendiente' vinculado al socio y al plan, con el monto correcto.","Se devuelve el link de pago (init_point) y el id de preferencia; se crea en la base de datos un registro de pago en estado 'pendiente' vinculado al socio y al plan, con el monto correcto.","Aprobado","test_crear_preferencia.py::test_socio_creates_preference_and_persists_pago"
"PAY-02","payments","US02 - Planes de Membresía (pago de plan)","Existe un usuario administrador (no socio) y un plan que puede estar inactivo.","1) Un administrador intenta iniciar un pago de un plan. 2) Un socio intenta iniciar el pago de un plan dado de baja (inactivo).","El administrador es rechazado por permisos; el intento sobre un plan inactivo devuelve 'no encontrado'; en ambos casos no se contacta a la pasarela ni se crea ningún registro de pago.","El administrador es rechazado por permisos; el intento sobre un plan inactivo devuelve 'no encontrado'; en ambos casos no se contacta a la pasarela ni se crea ningún registro de pago.","Aprobado","test_crear_preferencia.py::test_admin_cannot_create_preference, test_plan_inactive_returns_404"
"PAY-03","payments","US02 - Planes de Membresía (riesgo: interrupción del gateway de pagos)","Socio autenticado, plan activo válido.","1) El socio inicia el pago. 2) La pasarela de pago (MercadoPago) responde con un error o queda inaccesible.","El sistema no rompe; devuelve un error de 'gateway caído' (502) al cliente, sin dejar registros de pago inconsistentes.","El sistema no rompe; devuelve un error de 'gateway caído' (502) al cliente, sin dejar registros de pago inconsistentes.","Aprobado","test_crear_preferencia.py::test_mp_failure_returns_502"
"PAY-04","payments","US02/US04 - Pago de plan / Credencial Digital","Existe un pago pendiente asociado a una referencia externa, generado previamente por una preferencia de pago.","1) La pasarela notifica vía webhook que el pago fue aprobado. 2) En otro caso, notifica que el pago fue rechazado.","Aprobado: el pago pasa a 'aprobado', queda la fecha de acreditación, la membresía se activa en base de datos y se envía email de confirmación. Rechazado: el pago queda 'rechazado', la membresía no se activa y no se envía correo.","Aprobado: el pago pasa a 'aprobado', queda la fecha de acreditación, la membresía se activa en base de datos y se envía email de confirmación. Rechazado: el pago queda 'rechazado', la membresía no se activa y no se envía correo.","Aprobado","test_webhook.py::test_approved_webhook_activates_membership_and_sends_email, test_rejected_webhook_does_not_activate_membership"
"PAY-05","payments","US02 - Planes de Membresía (seguridad del webhook)","Endpoint de webhook expuesto públicamente para ser llamado por la pasarela de pago.","1) Se recibe una notificación con firma inválida (no confiable). 2) Se recibe una notificación válida pero que referencia un pago inexistente.","En ambos casos el sistema rechaza la solicitud (400) y no procesa el pago; ningún registro se modifica.","En ambos casos el sistema rechaza la solicitud (400) y no procesa el pago; ningún registro se modifica.","Aprobado","test_webhook.py::test_invalid_signature_is_rejected, test_webhook_for_unknown_reference_returns_400"
"PAY-06","payments","US02 - Planes de Membresía","Ya se procesó exitosamente una notificación de pago aprobado.","1) La pasarela reenvía exactamente la misma notificación de pago (duplicado, común en integraciones webhook).","El sistema no vuelve a acreditar el pago ni reenvía el correo de confirmación; la fecha de acreditación original se mantiene sin cambios.","El sistema no vuelve a acreditar el pago ni reenvía el correo de confirmación; la fecha de acreditación original se mantiene sin cambios.","Aprobado","test_webhook.py::test_duplicate_webhook_is_idempotent"
"PAY-07","payments","US02 - Planes de Membresía (cobro presencial)","Usuario con rol recepcionista autenticado; existe un socio y un plan válidos.","1) El recepcionista registra un cobro manual (ej. efectivo) para un socio, indicando el plan y el monto. 2) Un socio intenta realizar esta misma operación por su cuenta.","El cobro del recepcionista se registra como 'aprobado' y de tipo manual, activa la membresía del socio en base de datos y dispara el correo de confirmación; el intento del socio se rechaza por permisos.","El cobro del recepcionista se registra como 'aprobado' y de tipo manual, activa la membresía del socio en base de datos y dispara el correo de confirmación; el intento del socio se rechaza por permisos.","Aprobado","test_cobro_manual.py::test_receptionist_charges_manually_and_activates_membership, test_socio_cannot_call_manual_charge"
"PAY-08","payments","US02 - Planes de Membresía (trazabilidad de cobros)","Personal autorizado registra un cobro manual sobre un plan con precio de referencia conocido.","1) Se cobra exactamente el precio de lista. 2) Se cobra un monto menor (descuento). 3) Se cobra un monto mayor (recargo).","Cuando el monto coincide, no queda marca de diferencia; cuando difiere (por debajo o por encima), el pago guarda la diferencia respecto al precio de plan y el sistema deja constancia (warning) para trazabilidad/auditoría.","Cuando el monto coincide, no queda marca de diferencia; cuando difiere (por debajo o por encima), el pago guarda la diferencia respecto al precio de plan y el sistema deja constancia (warning) para trazabilidad/auditoría.","Aprobado","test_cobro_manual_diff.py::test_cobro_matching_plan_price_leaves_no_diff_marker, test_cobro_with_discount_stores_diff_and_warns, test_cobro_over_plan_price_also_recorded"
"REP-01","reports","US09 - Reportes","Admin autenticado; al menos un socio con membresía vencida existe en el sistema.","1) Solicitar el reporte de morosidad en formato CSV. 2) Solicitar el mismo reporte en formato XLSX. 3) Solicitar el mismo reporte en formato PDF.","Cada solicitud devuelve 200 con el content-type correcto (CSV, planilla, PDF); el archivo es un binario/texto válido y los datos del socio moroso (DNI, apellido, plan) aparecen correctamente, confirmando que el reporte refleja los datos reales de la base.","Cada solicitud devuelve 200 con el content-type correcto (CSV, planilla, PDF); el archivo es un binario/texto válido y los datos del socio moroso (DNI, apellido, plan) aparecen correctamente, confirmando que el reporte refleja los datos reales de la base.","Aprobado","test_reports_endpoints.py::test_csv_export_returns_delinquent_row, test_xlsx_export_returns_binary, test_pdf_export_returns_pdf"
"REP-02","reports","US09 - Reportes","Admin autenticado; un socio con caracteres acentuados en su nombre (ej. 'José Peña') tiene membresía vencida.","1) Exportar el reporte de morosidad en CSV.","El archivo comienza con el marcador BOM UTF-8 para que Excel renderice correctamente los acentos, y el nombre acentuado del socio aparece intacto al decodificarlo.","El archivo comienza con el marcador BOM UTF-8 para que Excel renderice correctamente los acentos, y el nombre acentuado del socio aparece intacto al decodificarlo.","Aprobado","test_csv_bom.py::test_morosidad_csv_starts_with_utf8_bom"
"REP-03","reports","US09 - Reportes","Una cuenta de socio (no administrador) está autenticada.","1) Intentar abrir el endpoint del reporte de morosidad como este socio.","El acceso se deniega con respuesta prohibida (403); solo los administradores pueden ver/exportar reportes.","El acceso se deniega con respuesta prohibida (403); solo los administradores pueden ver/exportar reportes.","Aprobado","test_reports_endpoints.py::test_socio_cannot_access_report"
"REP-04","reports","US09 - Reportes","Admin autenticado; existen pagos aprobados tanto en el mes actual como en el mes anterior.","1) Exportar el reporte de facturación en CSV. 2) Solicitar el reporte de facturación sin especificar período.","El CSV contiene exactamente los pagos del mes objetivo (el pago del mes anterior se excluye); sin período especificado, el reporte usa el mes actual por defecto y responde exitosamente.","El CSV contiene exactamente los pagos del mes objetivo (el pago del mes anterior se excluye); sin período especificado, el reporte usa el mes actual por defecto y responde exitosamente.","Aprobado","test_reports_endpoints.py::test_csv_only_includes_pagos_from_target_month, test_defaults_to_current_month"
"REP-05","reports","US09 - Reportes","Admin autenticado; un socio con membresía activa tiene eventos de ingreso/egreso registrados.","1) Registrar un ingreso y un egreso 45 minutos después, y exportar el reporte de asistencia en CSV. 2) Registrar solo un ingreso (sin egreso) para otra sesión y exportar nuevamente.","Cuando ingreso y egreso están emparejados, el reporte muestra los datos del socio más la duración de permanencia correcta (45 minutos); cuando no hay egreso emparejado, la columna de permanencia queda en blanco en vez de mostrar un dato incorrecto.","Cuando ingreso y egreso están emparejados, el reporte muestra los datos del socio más la duración de permanencia correcta (45 minutos); cuando no hay egreso emparejado, la columna de permanencia queda en blanco en vez de mostrar un dato incorrecto.","Aprobado","test_reports_endpoints.py::test_csv_includes_permanence_when_entry_and_exit_paired, test_csv_leaves_permanencia_blank_when_no_exit_matches"
"USR-01","users","US01 - Login","Existe un usuario registrado con email y contraseña válidos.","1) Enviar login con email y contraseña correctos. 2) Revisar la respuesta.","Responde 200 OK e incluye un objeto 'user' con id, email, rol e is_profile_complete; si el perfil está incompleto no aparecen nombre/apellido, y si está completo sí aparecen junto con is_profile_complete=true.","Responde 200 OK e incluye un objeto 'user' con id, email, rol e is_profile_complete; si el perfil está incompleto no aparecen nombre/apellido, y si está completo sí aparecen junto con is_profile_complete=true.","Aprobado","test_views.py::test_jwt_login_response_contains_base_fields, test_jwt_login_response_includes_nombre_apellido_when_profile_complete"
"USR-02","users","US01 - Login","No hay token de autenticación provisto.","1) Intentar completar perfil sin token. 2) Intentar obtener el perfil sin token.","Ambas peticiones devuelven 401 Unauthorized.","Ambas peticiones devuelven 401 Unauthorized.","Aprobado","test_views.py::test_unauthenticated_returns_401 (CompleteProfileViewTests), test_unauthenticated_get_returns_401 (ProfileViewTests)"
"USR-03","users","US01/US03 - Login / Alta de Socios","Usuario autenticado con perfil incompleto (sin Socio asociado).","1) Enviar completar-perfil sin campos requeridos. 2) Enviar con un DNI ya usado por otro usuario. 3) Enviar datos válidos y completos.","Faltan campos: 400 con detalle por campo; DNI duplicado: 400 indicando conflicto en dni; datos válidos: 201 Created y el registro Socio queda creado en base de datos asociado al usuario; reintentar sobre un perfil ya completo devuelve 400.","Faltan campos: 400 con detalle por campo; DNI duplicado: 400 indicando conflicto en dni; datos válidos: 201 Created y el registro Socio queda creado en base de datos asociado al usuario; reintentar sobre un perfil ya completo devuelve 400.","Aprobado","test_views.py::test_missing_required_fields_returns_400, test_duplicate_dni_returns_400, test_valid_request_creates_socio_and_returns_201, test_already_complete_returns_400"
"USR-04","users","US01 - Login","Usuario autenticado; puede o no tener perfil (Socio) creado.","1) Obtener perfil sin Socio asociado. 2) Obtener perfil con Socio asociado. 3) Editar (PATCH) nombre/apellido/teléfono. 4) Intentar cambiar el DNI.","Sin Socio: 404; con Socio: 200 con dni/nombre/apellido/email correctos; PATCH de campos permitidos: 200 con valores actualizados; el DNI no se modifica pese al intento (se ignora, se mantiene el original).","Sin Socio: 404; con Socio: 200 con dni/nombre/apellido/email correctos; PATCH de campos permitidos: 200 con valores actualizados; el DNI no se modifica pese al intento (se ignora, se mantiene el original).","Aprobado","test_views.py::test_user_without_socio_returns_404, test_user_with_socio_returns_200_with_correct_fields, test_patch_updates_allowed_fields, test_patch_ignores_dni_change"
"USR-05","users","US01 - Login","Usuario válido existente.","1) Revisar la configuración de expiración del token de acceso. 2) Generar un token para el usuario y calcular su vigencia real.","El token de acceso expira a los 30 minutos exactos, cumpliendo el requerimiento de seguridad de sesión (RNF05).","El token de acceso expira a los 30 minutos exactos, cumpliendo el requerimiento de seguridad de sesión (RNF05).","Aprobado","test_api_infrastructure.py::test_access_token_lifetime_is_30_minutes, test_access_token_carries_thirty_minute_ttl"
"USR-06","users","Transversal - Infraestructura de API","Servidor corriendo; para paginación, un usuario administrador autenticado.","1) Obtener el schema OpenAPI. 2) Obtener la UI de Swagger. 3) Obtener el listado de planes de membresía como administrador.","Schema y Swagger responden 200 OK; el listado de planes responde 200 con envoltorio de paginación (count, next, previous, results).","Schema y Swagger responden 200 OK; el listado de planes responde 200 con envoltorio de paginación (count, next, previous, results).","Aprobado","test_api_infrastructure.py::test_schema_endpoint_returns_openapi, test_swagger_ui_endpoint_renders, test_planes_listing_uses_pagination_envelope"
"USR-07","users","Transversal - Infraestructura / Seguridad (túneles ngrok en desarrollo)","Configuración de ALLOWED_HOSTS y CSRF_TRUSTED_ORIGINS incluye dominios ngrok.","1) Verificar que los sufijos de host ngrok estén permitidos. 2) Verificar que los orígenes CSRF de ngrok estén confiables. 3) Enviar una petición al webhook de pagos usando un header Host de ngrok.","Los sufijos y orígenes ngrok están presentes en la configuración; la petición con host ngrok llega a la vista (no se recibe el error 'DisallowedHost'/'Invalid HTTP_HOST' de Django).","Los sufijos y orígenes ngrok están presentes en la configuración; la petición con host ngrok llega a la vista (no se recibe el error 'DisallowedHost'/'Invalid HTTP_HOST' de Django).","Aprobado","test_infra_hardening.py::test_allowed_hosts_covers_ngrok_wildcards, test_csrf_trusted_origins_covers_ngrok_wildcards, test_webhook_accepts_ngrok_host_header"
"USR-08","users","Transversal - Infraestructura","Servicios de infraestructura (Postgres, Redis, Mongo) configurados para el entorno de test.","1) Obtener /api/health/.","La respuesta incluye un bloque 'checks' con entradas para postgres, redis y mongo; postgres y redis reportan ok=true dentro del contenedor de test.","La respuesta incluye un bloque 'checks' con entradas para postgres, redis y mongo; postgres y redis reportan ok=true dentro del contenedor de test.","Aprobado","test_infra_hardening.py::test_health_includes_all_dependencies"
"FE-01","Frontend (manual)","US01 - Login","Usuario tiene acceso a http://localhost:5173; no tiene sesión iniciada.","1) Abrir la pantalla de login. 2) Hacer clic en 'Continuar con Google'. 3) Completar el flujo de Google OAuth (auth-code, redirect a /auth/callback). 4) Verificar la sesión iniciada y la pantalla de destino según el rol.","El usuario es redirigido a Google, autoriza el acceso, vuelve a /auth/callback y el sistema lo autentica correctamente, mostrando el dashboard o portal correspondiente a su rol (administrador, recepcionista o socio).","[PENDIENTE: ejecutar manualmente]","[PENDIENTE: ejecutar manualmente]","Ver frontend/src/pages/LoginPage.jsx — en modo desarrollo existen accesos rápidos mock (admin/recepcionista/socio) además del flujo real de Google OAuth"
"FE-02","Frontend (manual)","US04 - Credencial Digital","Socio con sesión iniciada; membresía activa.","1) Ingresar a 'Credencial Digital'. 2) Observar el QR dinámico y el contador de expiración (30s). 3) Esperar a que el contador llegue a 0 y observar la rotación automática del QR. 4) Forzar una actualización manual del QR. 5) Abrir el QR en modo pantalla completa.","El QR se muestra correctamente, rota automáticamente cada 30 segundos sin intervención del usuario, la actualización manual genera un nuevo token y el modal de pantalla completa muestra el QR en alto contraste; si la membresía está vencida se muestra la alerta correspondiente.","[PENDIENTE: ejecutar manualmente]","[PENDIENTE: ejecutar manualmente]","Ver frontend/src/pages/socio/CredencialDigitalPage.jsx — usa datos mockeados (generateMockQRToken) en modo desarrollo, no la API real /api/access/qr/generate/"
"FE-03","Frontend (manual)","US07 - Reservas de Clases","Socio con sesión iniciada; existen clases publicadas en la agenda semanal.","1) Ingresar a 'Agenda y Reservas'. 2) Filtrar por día, categoría y turno, y buscar por texto. 3) Reservar un cupo en una clase con lugar disponible. 4) Intentar reservar una clase sin cupo disponible. 5) Ir a 'Mis Reservas' y cancelar una reserva existente.","Los filtros devuelven solo las clases que cumplen el criterio; la reserva exitosa muestra confirmación y aumenta el contador de cupos reservados; la reserva sin cupo muestra error y no se registra; la cancelación libera el cupo y quita la clase de 'Mis Reservas'.","[PENDIENTE: ejecutar manualmente]","[PENDIENTE: ejecutar manualmente]","Ver frontend/src/pages/socio/ClasesPage.jsx — persiste el estado en almacenamiento local del navegador (getStoredClasses/saveStoredClasses), no contra la API real /api/classes/"
"FE-04","Frontend (manual)","US05 - Validación QR","Recepcionista con sesión iniciada; terminal de 'Control de Accesos' disponible.","1) Ingresar a la Terminal de Acceso. 2) Activar el modo cámara y simular un escaneo exitoso. 3) Simular un escaneo con resultado de error (ej. membresía vencida). 4) Simular un escaneo con resultado de advertencia. 5) Alternar a modo manual e ingresar un DNI.","Cada resultado de escaneo (éxito, error, advertencia) muestra el panel de validación correspondiente y se limpia automáticamente luego de 5 segundos; el ingreso manual de DNI dispara la validación simulada según la lógica de la pantalla.","[PENDIENTE: ejecutar manualmente]","[PENDIENTE: ejecutar manualmente]","Ver frontend/src/pages/recepcion/AccesoTerminal.jsx — los botones 'Simular escaneo' solo están disponibles en modo desarrollo y no invocan aún el endpoint real POST /api/access/qr/scan/"
"FE-05","Frontend (manual)","US03 - Alta de Socios","Recepcionista con sesión iniciada; formulario de 'Gestión de Socios' disponible.","1) Completar los datos personales del nuevo socio. 2) Completar el plan y datos de pago. 3) Adjuntar el certificado médico. 4) Intentar enviar el formulario con campos obligatorios vacíos. 5) Completar todos los campos requeridos y confirmar 'Crear socio'.","El formulario valida los campos obligatorios y muestra los errores correspondientes antes de permitir el envío; al completar correctamente, se confirma la creación del socio con retroalimentación visual de éxito.","[PENDIENTE: ejecutar manualmente]","[PENDIENTE: ejecutar manualmente]","Ver frontend/src/pages/recepcion/GestionSocios.jsx — el onSubmit actual solo ejecuta console.log('Form submitted', data) y no llama a la API real de alta de socios; este caso valida hoy la UX del formulario, no la persistencia real"
